ID,Level,Category,Content,Type,Image ,,,,,
1,Beginner Level,Daily Needs,water,word,file:///D:/jdk/FYP/Dataset_images/dataset%201%20to100/water.svg,,,,,
2,Beginner Level,Daily Needs,food,word,,,,,,
3,Beginner Level,Daily Needs,milk,word,file:///D:/jdk/FYP/Dataset_images/dataset%201%20to100/milk.svg,,,,,
4,Beginner Level,Daily Needs,cup,word,file:///D:/jdk/FYP/Dataset_images/dataset%201%20to100/cup.svg,,,,,
5,Beginner Level,Daily Needs,eat,word,file:///D:/jdk/FYP/Dataset_images/dataset%201%20to100/eat.svg,,,,,
6,Beginner Level,Daily Needs,bath,word,file:///D:/jdk/FYP/Dataset_images/dataset%201%20to100/bath.svg,,,,,
7,Beginner Level,Daily Needs,bed,word,file:///D:/jdk/FYP/Dataset_images/dataset%201%20to100/bed.svg,,,,,
8,Beginner Level,Daily Needs,clothes,word,file:///D:/jdk/FYP/Dataset_images/dataset%201%20to100/clothes.svg,,,,,
9,Beginner Level,Daily Needs,shoe,word,file:///D:/jdk/FYP/Dataset_images/dataset%201%20to100/shoes.svg,,,,,
10,Beginner Level,Daily Needs,towel,word,file:///D:/jdk/FYP/Dataset_images/dataset%201%20to100/towel.svg,,,,,
11,Beginner Level,Daily Needs,brush,word,,,,,,
12,Beginner Level,Daily Needs,soap,word,file:///D:/jdk/FYP/Dataset_images/dataset%201%20to100/soap.svg,,,,,
13,Beginner Level,Daily Needs,bag,word,file:///D:/jdk/FYP/Dataset_images/dataset%201%20to100/bag.svg,,,,,
14,Beginner Level,Daily Needs,key,word,file:///D:/jdk/FYP/Dataset_images/dataset%201%20to100/key.svg,,,,,
15,Beginner Level,Daily Needs,door,word,file:///D:/jdk/FYP/Dataset_images/dataset%201%20to100/door.svg,,,,,
16,Beginner Level,Daily Needs,plate,word,file:///D:/jdk/FYP/Dataset_images/dataset%201%20to100/plate.svg,,,,,
17,Beginner Level,Daily Needs,spoon,word,file:///D:/jdk/FYP/Dataset_images/dataset%201%20to100/spoon.svg,,,,,
18,Beginner Level,Daily Needs,bowl,word,file:///D:/jdk/FYP/Dataset_images/dataset%201%20to100/bowl.svg,,,,,
19,Beginner Level,Daily Needs,rice,word,file:///D:/jdk/FYP/Dataset_images/dataset%201%20to100/rice.svg,,,,,
20,Beginner Level,Daily Needs,bread,word,file:///D:/jdk/FYP/Dataset_images/dataset%201%20to100/bread.svg,,,,,
21,Beginner Level,Daily Needs,sugar,word,file:///D:/jdk/FYP/Dataset_images/dataset%201%20to100/sugar.svg,,,,,
22,Beginner Level,Daily Needs,tea,word,file:///D:/jdk/FYP/Dataset_images/dataset%201%20to100/tea.svg,,,,,
23,Beginner Level,Daily Needs,juice,word,,,,,,
24,Beginner Level,Daily Needs,fruit,word,,,,,,
25,Beginner Level,Daily Needs,egg,word,file:///D:/jdk/FYP/Dataset_images/dataset%201%20to100/egg.svg,,,,,
26,Beginner Level,Daily Needs,butter,word,file:///D:/jdk/FYP/Dataset_images/dataset%201%20to100/butter.svg,,,,,
27,Beginner Level,Daily Needs,salt,word,file:///D:/jdk/FYP/Dataset_images/dataset%201%20to100/salt.svg,,,,,
28,Beginner Level,Daily Needs,pepper,word,,,,,,
29,Beginner Level,Daily Needs,napkin,word,file:///D:/jdk/FYP/Dataset_images/dataset%201%20to100/napkin.svg,,,,,
30,Beginner Level,Daily Needs,fork,word,file:///D:/jdk/FYP/Dataset_images/dataset%201%20to100/fork.svg,,,,,
31,Beginner Level,Daily Needs,pan,word,file:///D:/jdk/FYP/Dataset_images/dataset%201%20to100/pan.svg,,,,,
32,Beginner Level,Daily Needs,pot,word,file:///D:/jdk/FYP/Dataset_images/dataset%201%20to100/pot.svg,,,,,
33,Beginner Level,Daily Needs,jug,word,file:///D:/jdk/FYP/Dataset_images/dataset%201%20to100/jug.svg,,,,,
34,Beginner Level,Daily Needs,glass,word,file:///D:/jdk/FYP/Dataset_images/dataset%201%20to100/glass.svg,,,,,
35,Beginner Level,Daily Needs,chair,word,file:///D:/jdk/FYP/Dataset_images/dataset%201%20to100/chair.svg,,,,,
36,Beginner Level,Daily Needs,table,word,file:///D:/jdk/FYP/Dataset_images/dataset%201%20to100/table.svg,,,,,
37,Beginner Level,Daily Needs,clock,word,file:///D:/jdk/FYP/Dataset_images/dataset%201%20to100/clock.svg,,,,,
38,Beginner Level,Daily Needs,book,word,file:///D:/jdk/FYP/Dataset_images/dataset%201%20to100/book.svg,,,,,
39,Beginner Level,Daily Needs,pencil,word,file:///D:/jdk/FYP/Dataset_images/dataset%201%20to100/pencil.svg,,,,,
40,Beginner Level,Daily Needs,crayon,word,file:///D:/jdk/FYP/Dataset_images/dataset%201%20to100/crayon.svg,,,,,
41,Beginner Level,Daily Needs,school,word,file:///D:/jdk/FYP/Dataset_images/dataset%201%20to100/school.svg,,,,,
42,Beginner Level,Daily Needs,bus,word,file:///D:/jdk/FYP/Dataset_images/dataset%201%20to100/bus.svg,,,,,
43,Beginner Level,Daily Needs,walk,word,file:///D:/jdk/FYP/Dataset_images/dataset%201%20to100/walk.svg,,,,,
44,Beginner Level,Daily Needs,park,word,file:///D:/jdk/FYP/Dataset_images/dataset%201%20to100/park.svg,,,,,
45,Beginner Level,Daily Needs,play,word,file:///D:/jdk/FYP/Dataset_images/dataset%201%20to100/play.svg,,,,,
46,Beginner Level,Daily Needs,swing,word,file:///D:/jdk/FYP/Dataset_images/dataset%201%20to100/swing.svg,,,,,
47,Beginner Level,Daily Needs,slide,word,file:///D:/jdk/FYP/Dataset_images/dataset%201%20to100/slide.svg,,,,,
48,Beginner Level,Daily Needs,jump,word,file:///D:/jdk/FYP/Dataset_images/dataset%201%20to100/jump.svg,,,,,
49,Beginner Level,Daily Needs,run,word,file:///D:/jdk/FYP/Dataset_images/dataset%201%20to100/run.svg,,,,,
50,Beginner Level,Daily Needs,dance,word,file:///D:/jdk/FYP/Dataset_images/dataset%201%20to100/dance.svg,,,,,
51,Beginner Level,Objects,ball,word,file:///D:/jdk/FYP/Dataset_images/dataset%201%20to100/ball.svg,,,,,
52,Beginner Level,Objects,car,word,file:///D:/jdk/FYP/Dataset_images/dataset%201%20to100/car.svg,,,,,
53,Beginner Level,Objects,chair,word,file:///D:/jdk/FYP/Dataset_images/dataset%201%20to100/chair.svg,,,,,
54,Beginner Level,Objects,clock,word,file:///D:/jdk/FYP/Dataset_images/dataset%201%20to100/clock.svg,,,,,
55,Beginner Level,Objects,pen,word,file:///D:/jdk/FYP/Dataset_images/dataset%201%20to100/pen.svg,,,,,
56,Beginner Level,Objects,box,word,file:///D:/jdk/FYP/Dataset_images/dataset%201%20to100/box.svg,,,,,
57,Beginner Level,Objects,table,word,file:///D:/jdk/FYP/Dataset_images/dataset%201%20to100/table.svg,,,,,
58,Beginner Level,Objects,phone,word,file:///D:/jdk/FYP/Dataset_images/dataset%201%20to100/phone.svg,,,,,
59,Beginner Level,Objects,light,word,file:///D:/jdk/FYP/Dataset_images/dataset%201%20to100/light.svg,,,,,
60,Beginner Level,Objects,bag,word,file:///D:/jdk/FYP/Dataset_images/dataset%201%20to100/bag.svg,,,,,
61,Beginner Level,Objects,doll,word,file:///D:/jdk/FYP/Dataset_images/dataset%201%20to100/doll.svg,,,,,
62,Beginner Level,Objects,toy,word,file:///D:/jdk/FYP/Dataset_images/dataset%201%20to100/toy.svg,,,,,
63,Beginner Level,Objects,bed,word,file:///D:/jdk/FYP/Dataset_images/dataset%201%20to100/bed.svg,,,,,
64,Beginner Level,Objects,block,word,,,,,,
65,Beginner Level,Objects,puzzle,word,file:///D:/jdk/FYP/Dataset_images/dataset%201%20to100/puzzle.svg,,,,,
66,Beginner Level,Objects,kite,word,file:///D:/jdk/FYP/Dataset_images/dataset%201%20to100/kite.svg,,,,,
67,Beginner Level,Objects,balloon,word,file:///D:/jdk/FYP/Dataset_images/dataset%201%20to100/balloon.svg,,,,,
68,Beginner Level,Objects,train,word,file:///D:/jdk/FYP/Dataset_images/dataset%201%20to100/train.svg,,,,,
69,Beginner Level,Objects,fan,word,file:///D:/jdk/FYP/Dataset_images/dataset%201%20to100/fan.svg,,,,,
70,Beginner Level,Objects,stove,word,file:///D:/jdk/FYP/Dataset_images/dataset%201%20to100/stove.svg,,,,,
71,Beginner Level,Objects,lamp,word,file:///D:/jdk/FYP/Dataset_images/dataset%201%20to100/lamp.svg,,,,,
72,Beginner Level,Objects,shelf,word,file:///D:/jdk/FYP/Dataset_images/dataset%201%20to100/shelf.svg,,,,,
73,Beginner Level,Objects,basket,word,file:///D:/jdk/FYP/Dataset_images/dataset%201%20to100/basket.svg,,,,,
74,Beginner Level,Objects,bottle,word,file:///D:/jdk/FYP/Dataset_images/dataset%201%20to100/bottle.svg,,,,,
75,Beginner Level,Objects,mirror,word,file:///D:/jdk/FYP/Dataset_images/dataset%201%20to100/mirror.svg,,,,,
76,Beginner Level,Objects,ladder,word,file:///D:/jdk/FYP/Dataset_images/dataset%201%20to100/ladder.svg,,,,,
77,Beginner Level,Objects,bin,word,file:///D:/jdk/FYP/Dataset_images/dataset%201%20to100/bin.svg,,,,,
78,Beginner Level,Objects,drum,word,file:///D:/jdk/FYP/Dataset_images/dataset%201%20to100/drum.svg,,,,,
79,Beginner Level,Objects,guitar,word,file:///D:/jdk/FYP/Dataset_images/dataset%201%20to100/guitar.svg,,,,,
80,Beginner Level,Objects,hat,word,file:///D:/jdk/FYP/Dataset_images/dataset%201%20to100/hat.svg,,,,,
81,Beginner Level,Objects,mask,word,file:///D:/jdk/FYP/Dataset_images/dataset%201%20to100/mask.svg,,,,,
82,Beginner Level,Objects,net,word,file:///D:/jdk/FYP/Dataset_images/dataset%201%20to100/net.svg,,,,,
83,Beginner Level,Objects,paint,word,file:///D:/jdk/FYP/Dataset_images/dataset%201%20to100/paint.svg,,,,,
84,Beginner Level,Objects,scarf,word,file:///D:/jdk/FYP/Dataset_images/dataset%201%20to100/scarf.svg,,,,,
85,Beginner Level,Objects,stick,word,file:///D:/jdk/FYP/Dataset_images/dataset%201%20to100/stick.svg,,,,,
86,Beginner Level,Objects,truck,word,file:///D:/jdk/FYP/Dataset_images/dataset%201%20to100/truck.svg,,,,,
87,Beginner Level,Objects,umbrella,word,file:///D:/jdk/FYP/Dataset_images/dataset%201%20to100/umbrella.svg,,,,,
88,Beginner Level,Objects,vase,word,file:///D:/jdk/FYP/Dataset_images/dataset%201%20to100/vase.svg,,,,,
89,Beginner Level,Objects,wheel,word,file:///D:/jdk/FYP/Dataset_images/dataset%201%20to100/wheel.svg,,,,,
90,Beginner Level,Cloths,Jacket,word,file:///D:/jdk/FYP/Dataset_images/dataset%201%20to100/jacket.svg,,,,,
91,Beginner Level,Cloths,Sweater,word,file:///D:/jdk/FYP/Dataset_images/dataset%201%20to100/sweater.svg,,,,,
92,Beginner Level,Cloths,Boots,word,file:///D:/jdk/FYP/Dataset_images/dataset%201%20to100/boots.svg,,,,,
93,Beginner Level,Cloths,T-shirt,word,file:///D:/jdk/FYP/Dataset_images/dataset%201%20to100/T-shirt.svg,,,,,
94,Beginner Level,Cloths,Hat,word,file:///D:/jdk/FYP/Dataset_images/dataset 1 to100/hat.svg,,,,,
95,Beginner Level,Cloths,Pants,word,file:///D:/jdk/FYP/Dataset_images/dataset%201%20to100/pants.svg,,,,,
96,Beginner Level,Cloths,Dress,word,file:///D:/jdk/FYP/Dataset_images/dataset%201%20to100/dress.svg,,,,,
97,Beginner Level,Cloths,Shorts,word,file:///D:/jdk/FYP/Dataset_images/dataset%201%20to100/shorts.svg,,,,,
98,Beginner Level,Cloths,Hoodie,word,file:///D:/jdk/FYP/Dataset_images/dataset%201%20to100/hoodie.svg,,,,,
99,Beginner Level,Cloths,Skirt,word,file:///D:/jdk/FYP/Dataset_images/dataset%201%20to100/skirt.svg,,,,,
100,Beginner Level,Cloths,Sweater,word,file:///D:/jdk/FYP/Dataset_images/dataset%201%20to100/sweater.svg,,,,,
101,Beginner,Animals,cat,word,file:///D:/jdk/FYP/Dataset_images/100-200/cat.svg,,,,,
102,Beginner,Animals,dog,word,file:///D:/jdk/FYP/Dataset_images/100-200/dog.svg,,,,,
103,Beginner,Animals,cow,word,file:///D:/jdk/FYP/Dataset_images/100-200/HOLSTEIN-COW.svg,,,,,
104,Beginner,Animals,bird,word,file:///D:/jdk/FYP/Dataset_images/100-200/bird.svg,,,,,
105,Beginner,Animals,fish,word,file:///D:/jdk/FYP/Dataset_images/100-200/fish.svg,,,,,
106,Beginner,Animals,duck,word,,,,,,
107,Beginner,Animals,lion,word,file:///D:/jdk/FYP/Dataset_images/100-200/lion.svg,,,,,
108,Beginner,Animals,tiger,word,file:///D:/jdk/FYP/Dataset_images/100-200/tiger.svg,,,,,
109,Beginner,Animals,rabbit,word,file:///D:/jdk/FYP/Dataset_images/100-200/rabbit.svg,,,,,
110,Beginner,Animals,mouse,word,file:///D:/jdk/FYP/Dataset_images/100-200/mouse.svg,,,,,
111,Beginner,Animals,elephant,word,file:///D:/jdk/FYP/Dataset_images/100-200/elephant.svg,,,,,
112,Beginner,Animals,horse,word,file:///D:/jdk/FYP/Dataset_images/100-200/horse.svg,,,,,
113,Beginner,Animals,chicken,word,file:///D:/jdk/FYP/Dataset_images/100-200/chicken.svg,,,,,
114,Beginner,Animals,frog,word,file:///D:/jdk/FYP/Dataset_images/100-200/frog.svg,,,,,
115,Beginner,Animals,pig,word,,,,,,
116,Beginner,Animals,monkey,word,file:///D:/jdk/FYP/Dataset_images/100-200/monkey.svg,,,,,
117,Beginner,Animals,snake,word,file:///D:/jdk/FYP/Dataset_images/100-200/snake.svg,,,,,
118,Beginner,Animals,bear,word,file:///D:/jdk/FYP/Dataset_images/100-200/bear%20(2).svg,,,,,
119,Beginner,Animals,turtle,word,file:///D:/jdk/FYP/Dataset_images/100-200/turtle.svg,,,,,
120,Beginner,Animals,fox,word,file:///D:/jdk/FYP/Dataset_images/100-200/fox.svg,,,,,
121,Beginner,Animals,deer,word,file:///D:/jdk/FYP/Dataset_images/100-200/Deer.svg,,,,,
122,Beginner,Animals,goat,word,file:///D:/jdk/FYP/Dataset_images/100-200/goat.svg,,,,,
123,Beginner,Animals,sheep,word,file:///D:/jdk/FYP/Dataset_images/100-200/sheep.svg,,,,,
124,Beginner,Animals,owl,word,file:///D:/jdk/FYP/Dataset_images/100-200/owl.svg,,,,,
125,Beginner,Animals,dolphin,word,file:///D:/jdk/FYP/Dataset_images/100-200/dolphin.svg,,,,,
126,Beginner,Colors,red,word,file:///D:/jdk/FYP/Dataset_images/100-200/red.svg,,,,,
127,Beginner,Colors,blue,word,file:///D:/jdk/FYP/Dataset_images/100-200/blue.svg,,,,,
128,Beginner,Colors,green,word,file:///D:/jdk/FYP/Dataset_images/100-200/green.svg,,,,,
129,Beginner,Colors,yellow,word,,,,,,
130,Beginner,Colors,orange,word,file:///D:/jdk/FYP/Dataset_images/100-200/orange.svg,,,,,
131,Beginner,Colors,purple,word,file:///D:/jdk/FYP/Dataset_images/100-200/purple.svg,,,,,
132,Beginner,Colors,pink,word,file:///D:/jdk/FYP/Dataset_images/100-200/pink.svg,,,,,
133,Beginner,Colors,black,word,,,,,,
134,Beginner,Colors,white,word,,,,,,
135,Beginner,Colors,gray,word,file:///D:/jdk/FYP/Dataset_images/100-200/gray.svg,,,,,
136,Beginner,Colors,brown,word,file:///D:/jdk/FYP/Dataset_images/100-200/brown.svg,,,,,
137,Beginner,Colors,golden,word,file:///D:/jdk/FYP/Dataset_images/100-200/golden.svg,,,,,
138,Beginner,Colors,silver,word,file:///D:/jdk/FYP/Dataset_images/100-200/silver.svg,,,,,
139,Beginner,Shapes,Circle,word,file:///D:/jdk/FYP/Dataset_images/100-200/Circle.svg,,,,,
140,Beginner,Shapes,Square,word,file:///D:/jdk/FYP/Dataset_images/100-200/Square.svg,,,,,
141,Beginner,Shapes,Triangle,word,file:///D:/jdk/FYP/Dataset_images/100-200/Triangle.svg,,,,,
142,Beginner,Shapes,Rectangle,word,file:///D:/jdk/FYP/Dataset_images/100-200/Rectangle.svg,,,,,
143,Beginner,Shapes,Star,word,file:///D:/jdk/FYP/Dataset_images/100-200/Star.svg,,,,,
144,Beginner,Furniture,Chair,word,file:///D:/jdk/FYP/Dataset_images/100-200/Chair.svg,,,,,
145,Beginner,Furniture,Table,word,file:///D:/jdk/FYP/Dataset_images/100-200/Table.svg,,,,,
146,Beginner,Furniture,Sofa,word,file:///D:/jdk/FYP/Dataset_images/100-200/Sofa.svg,,,,,
147,Beginner,Furniture,Bed,word,file:///D:/jdk/FYP/Dataset_images/100-200/Bed.svg,,,,,
148,Beginner,Furniture,Shelf,word,file:///D:/jdk/FYP/Dataset_images/100-200/Shelf.svg,,,,,
149,Beginner,Furniture,Cabinet,word,file:///D:/jdk/FYP/Dataset_images/100-200/Cabinet-1.svg,,,,,
150,Beginner,Furniture,Desk,word,file:///D:/jdk/FYP/Dataset_images/100-200/Desk.svg,,,,,
151,Beginner,Numbers,one,word,file:///D:/jdk/FYP/Dataset_images/100-200/1.svg,,,,,
152,Beginner,Numbers,two,word,file:///D:/jdk/FYP/Dataset_images/100-200/2.svg,,,,,
153,Beginner,Numbers,three,word,file:///D:/jdk/FYP/Dataset_images/100-200/3.svg,,,,,
154,Beginner,Numbers,four,word,file:///D:/jdk/FYP/Dataset_images/100-200/4.svg,,,,,
155,Beginner,Numbers,five,word,file:///D:/jdk/FYP/Dataset_images/100-200/5.svg,,,,,
156,Beginner,Numbers,six,word,file:///D:/jdk/FYP/Dataset_images/100-200/6.svg,,,,,
157,Beginner,Numbers,seven,word,file:///D:/jdk/FYP/Dataset_images/100-200/7.svg,,,,,
158,Beginner,Numbers,eight,word,file:///D:/jdk/FYP/Dataset_images/100-200/8.svg,,,,,
159,Beginner,Numbers,nine,word,file:///D:/jdk/FYP/Dataset_images/100-200/9.svg,,,,,
160,Beginner,Numbers,ten,word,file:///D:/jdk/FYP/Dataset_images/100-200/10.svg,,,,,
161,Beginner,vegetable,Carrot,word,,,,,,
162,Beginner,vegetable,Potato,word,file:///D:/jdk/FYP/Dataset_images/100-200/Potato.svg,,,,,
163,Beginner,vegetable,Tomato,word,file:///D:/jdk/FYP/Dataset_images/100-200/Tomato.svg,,,,,
164,Beginner,vegetable,Onion,word,file:///D:/jdk/FYP/Dataset_images/100-200/Onion.svg,,,,,
165,Beginner,vegetable,Cucumber,word,file:///D:/jdk/FYP/Dataset_images/100-200/Cucumber.svg,,,,,
166,Beginner,Fruits,Apple,word,file:///D:/jdk/FYP/Dataset_images/100-200/Apple.svg,,,,,
167,Beginner,Fruits,Banana,word,file:///D:/jdk/FYP/Dataset_images/100-200/bananas.svg,,,,,
168,Beginner,Fruits,Orange,word,file:///D:/jdk/FYP/Dataset_images/100-200/oranges.svg,,,,,
169,Beginner,Fruits,Grapes,word,file:///D:/jdk/FYP/Dataset_images/100-200/grapes.svg,,,,,
170,Beginner,Fruits,Pear,word,file:///D:/jdk/FYP/Dataset_images/100-200/pear.svg,,,,,
171,Beginner,Emotions,happy,word,file:///D:/jdk/FYP/Dataset_images/100-200/happy.svg,,,,,
172,Beginner,Emotions,sad,word,file:///D:/jdk/FYP/Dataset_images/100-200/sad.svg,,,,,
173,Beginner,Emotions,mad,word,file:///D:/jdk/FYP/Dataset_images/100-200/mad.svg,,,,,
174,Beginner,Emotions,scared,word,file:///D:/jdk/FYP/Dataset_images/100-200/scared.svg,,,,,
175,Beginner,Emotions,excited,word,file:///D:/jdk/FYP/Dataset_images/100-200/excited.svg,,,,,
176,Beginner,Emotions,bored,word,file:///D:/jdk/FYP/Dataset_images/100-200/bore.svg,,,,,
177,Beginner,Emotions,sleepy,word,file:///D:/jdk/FYP/Dataset_images/100-200/sleepy.svg,,,,,
178,Beginner,Emotions,surprised,word,file:///D:/jdk/FYP/Dataset_images/100-200/surprised.svg,,,,,
179,Beginner,Emotions,tired,word,file:///D:/jdk/FYP/Dataset_images/100-200/tired.svg,,,,,
180,Beginner,Emotions,calm,word,file:///D:/jdk/FYP/Dataset_images/100-200/calm.svg,,,,,
181,Beginner,Emotions,nervous,word,file:///D:/jdk/FYP/Dataset_images/100-200/nervous.svg,,,,,
182,Beginner,Emotions,proud,word,file:///D:/jdk/FYP/Dataset_images/100-200/proud.svg,,,,,
183,Beginner,Emotions,shy,word,file:///D:/jdk/FYP/Dataset_images/100-200/Shy-Child.svg,,,,,
184,Beginner,Emotions,silly,word,file:///D:/jdk/FYP/Dataset_images/100-200/silly.svg,,,,,
185,Beginner,Emotions,angry,word,file:///D:/jdk/FYP/Dataset_images/100-200/angry.svg,,,,,
186,Beginner,Emotions,confused,word,file:///D:/jdk/FYP/Dataset_images/100-200/confused.svg,,,,,
187,Beginner,Emotions,curious,word,file:///D:/jdk/FYP/Dataset_images/100-200/curious.svg,,,,,
188,Beginner,Emotions,friendly,word,file:///D:/jdk/FYP/Dataset_images/100-200/friendly.svg,,,,,
189,Beginner,Emotions,loving,word,file:///D:/jdk/FYP/Dataset_images/100-200/lonely.svg,,,,,
190,Beginner,Emotions,upset,word,,,,,,
191,Beginner,Emotions,kind,word,file:///D:/jdk/FYP/Dataset_images/100-200/kind.svg,,,,,
192,Beginner,Emotions,gentle,word,file:///D:/jdk/FYP/Dataset_images/100-200/gentle.svg,,,,,
193,Beginner,Emotions,thankful,word,file:///D:/jdk/FYP/Dataset_images/100-200/thankful.svg,,,,,
194,Beginner,Emotions,brave,word,file:///D:/jdk/FYP/Dataset_images/100-200/brave.svg,,,,,
195,Beginner,Emotions,hurt,word,file:///D:/jdk/FYP/Dataset_images/100-200/hurt.svg,,,,,
196,Beginner,Emotions,embarrassed,word,file:///D:/jdk/FYP/Dataset_images/100-200/embarrassed.svg,,,,,
197,Beginner,Emotions,jealous,word,file:///D:/jdk/FYP/Dataset_images/100-200/Jealousy-in-Children.svg,,,,,
198,Beginner,Emotions,guilty,word,file:///D:/jdk/FYP/Dataset_images/100-200/guilty.svg,,,,,
199,Beginner,Emotions,lonely,word,file:///D:/jdk/FYP/Dataset_images/100-200/lonely.svg,,,,,
200,Beginner,Emotions,relieved,word,file:///D:/jdk/FYP/Dataset_images/100-200/relieved.svg,,,,,
201,Beginner,Emotions,hopeful,word,file:///D:/jdk/FYP/Dataset_images/100-200/hopeful.svg,,,,,
202,Intermediate,Personal Care and Hygiene,Wash hands,Phrase,file:///D:/jdk/FYP/Dataset_images/200-300/WASH%20MY%20HAND.svg,,,,,
203,Intermediate,Personal Care and Hygiene,Brush teeth,Phrase,file:///D:/jdk/FYP/Dataset_images/200-300/brush%20teeths.svg,,,,,
204,Intermediate,Personal Care and Hygiene,Use bathroom,Phrase,file:///D:/jdk/FYP/Dataset_images/200-300/USE%20THE%20BATHROOM.svg,,,,,
205,Intermediate,Personal Care and Hygiene,Tie shoes,Phrase,file:///D:/jdk/FYP/Dataset_images/200-300/tie%20my%20shoes.svg,,,,,
206,Intermediate,Personal Care and Hygiene,Put on jacket,Phrase,file:///D:/jdk/FYP/Dataset_images/200-300/put%20on%20jackytet.svg,,,,,
207,Intermediate,Feelings and Emotions,I am happy.,Phrase,file:///D:/jdk/FYP/Dataset_images/200-300/i%20am%20happy.svg,,,,,
208,Intermediate,Feelings and Emotions,I am sad.,Phrase,file:///D:/jdk/FYP/Dataset_images/200-300/i%20am%20sad.svg,,,,,
209,Intermediate,Feelings and Emotions,I feel excited.,Phrase,file:///D:/jdk/FYP/Dataset_images/200-300/i%20feel%20excited.svg,,,,,
210,Intermediate,Feelings and Emotions,I am angry.,Phrase,file:///D:/jdk/FYP/Dataset_images/200-300/i%20am%20angry.svg,,,,,
211,Intermediate,Feelings and Emotions,I feel scared.,Phrase,,,,,,
212,Intermediate,Daily Routine and Activities,It is  time to eat.,Phrase,file:///D:/jdk/FYP/Dataset_images/200-300/it%20is%20time%20to%20esat.svg,,,,,
213,Intermediate,Daily Routine and Activities,Let's go outside.,Phrase,file:///D:/jdk/FYP/Dataset_images/200-300/lets%20gomoutside.svg,,,,,
214,Intermediate,Daily Routine and Activities,It is  time for bed.,Phrase,file:///D:/jdk/FYP/Dataset_images/200-300/it%20is%20time%204%20bed.svg,,,,,
215,Intermediate,Daily Routine and Activities,I need to do my homework.,Phrase,,,,,,
216,Intermediate,Daily Routine and Activities,It is time to play.,Phrase,file:///D:/jdk/FYP/Dataset_images/200-300/it%20is%20time%20to%20play.svg,,,,,
217,Intermediate,Requests and Needs,Can I have some water?,Phrase,file:///D:/jdk/FYP/Dataset_images/200-300/can%20i%20have%20some%20water.svg,,,,,
218,Intermediate,Requests and Needs,Please help me.,Phrase,file:///D:/jdk/FYP/Dataset_images/200-300/please%20help%20me.svg,,,,,
219,Intermediate,Requests and Needs,I need my toy.,Phrase,file:///D:/jdk/FYP/Dataset_images/200-300/i%20need%20my%20toy.svg,,,,,
220,Intermediate,Requests and Needs,Can I have a snack?,Phrase,file:///D:/jdk/FYP/Dataset_images/200-300/can%20I%20have%20a%20snack.svg,,,,,
221,Intermediate,Requests and Needs,I want to watch TV.,Phrase,file:///D:/jdk/FYP/Dataset_images/200-300/i%20want%20ot%20cth%20tv.svg,,,,,
222,Intermediate,Social Interaction,Can I play with you?,Phrase,file:///D:/jdk/FYP/Dataset_images/200-300/it%20is%20time%20to%20play.svg,,,,,
223,Intermediate,Social Interaction,I like your toy.,Phrase,file:///D:/jdk/FYP/Dataset_images/200-300/_like%20toy.svg,,,,,
224,Intermediate,Social Interaction,Can we be friends?,Phrase,file:///D:/jdk/FYP/Dataset_images/200-300/can%20v%20b%20frens.svg,,,,,
225,Intermediate,Social Interaction,I want to talk.,Phrase,file:///D:/jdk/FYP/Dataset_images/200-300/i%20want%20to%20talk.svg,,,,,
226,Intermediate,Social Interaction,I am here to listen.,Phrase,file:///D:/jdk/FYP/Dataset_images/200-300/im%20hdre%202%20listen.svg,,,,,
227,Intermediate,Safety and Boundaries,Do not  touch that.,Phrase,file:///D:/jdk/FYP/Dataset_images/200-300/dont%20touvh%20it.svg,,,,,
228,Intermediate,Safety and Boundaries,Stay with me.,Phrase,file:///D:/jdk/FYP/Dataset_images/200-300/stay%20with%20me.svg,,,,,
229,Intermediate,Safety and Boundaries,That is dangerous.,Phrase,file:///D:/jdk/FYP/Dataset_images/200-300/it%20iz%20dangg.svg,,,,,
230,Intermediate,Safety and Boundaries,Please do not run.,Phrase,,,,,,
231,Intermediate,Safety and Boundaries, stay close to you.,Phrase,file:///D:/jdk/FYP/Dataset_images/200-300/stay%20close%20to%20me.svg,,,,,
232,Intermediate,Polite Expressions,Thank you.,Phrase,file:///D:/jdk/FYP/Dataset_images/200-300/thnku.svg,,,,,
233,Intermediate,Polite Expressions,Please.come here ,Phrase,file:///D:/jdk/FYP/Dataset_images/200-300/please%20come%20here.svg,,,,,
234,Intermediate,Polite Expressions,Excuse me.,Phrase,file:///D:/jdk/FYP/Dataset_images/200-300/excuse%20me.svg,,,,,
235,Intermediate,Polite Expressions,I am Sorry.,Phrase,file:///D:/jdk/FYP/Dataset_images/200-300/i%20am%20sorry.svg,,,,,
236,Intermediate,Polite Expressions,You're welcome.,Phrase,file:///D:/jdk/FYP/Dataset_images/200-300/UR%20WELCOME.svg,,,,,
237,Intermediate,Recognizing and Responding,I see the car.,Phrase,file:///D:/jdk/FYP/Dataset_images/200-300/i%20c%20car.svg,,,,,
238,Intermediate,Recognizing and Responding,This is my favorite toy.,Phrase,file:///D:/jdk/FYP/Dataset_images/200-300/my%20fav%20toy.svg,,,,,
239,Intermediate,Recognizing and Responding,I can do it.,Phrase,file:///D:/jdk/FYP/Dataset_images/200-300/i%20can%20do%20it.svg,,,,,
240,Intermediate,Recognizing and Responding,I don't understand.,Phrase,file:///D:/jdk/FYP/Dataset_images/200-300/i%20dont%20underatand.svg,,,,,
241,Intermediate,Recognizing and Responding,Please wait.,Phrase,file:///D:/jdk/FYP/Dataset_images/200-300/ppls%20wait.svg,,,,,
242,Intermediate,Simple Directions,Come here.,Phrase,file:///D:/jdk/FYP/Dataset_images/200-300/please%20come%20here.svg,,,,,
243,Intermediate,Simple Directions,Sit down.,Phrase,,,,,,
244,Intermediate,Simple Directions,Stand up.,Phrase,file:///D:/jdk/FYP/Dataset_images/200-300/stand%20up.svg,,,,,
245,Intermediate,Simple Directions,Look at me.,Phrase,file:///D:/jdk/FYP/Dataset_images/200-300/look%20@%20me.svg,,,,,
246,Intermediate,Simple Directions,Hold my hand.,Phrase,file:///D:/jdk/FYP/Dataset_images/200-300/holdmyhand.svg,,,,,
247,Intermediate,Calming and Soothing Phrases,Take a deep breath.,Phrase,,,,,,
248,Intermediate,Calming and Soothing Phrases,"It's okay, calm down.",Phrase,file:///D:/jdk/FYP/Dataset_images/200-300/its%20ok%20calm%20down.svg,,,,,
249,Intermediate,Calming and Soothing Phrases,We can try again.,Phrase,file:///D:/jdk/FYP/Dataset_images/200-300/try%20again.svg,,,,,
252,Intermediate,Time and Days,What time is it?,Phrase,file:///D:/jdk/FYP/Dataset_images/200-300/WHAT%20TIME%20ISIT.svg,,,,,
253,Intermediate,Time and Days,It is morning.,Phrase,file:///D:/jdk/FYP/Dataset_images/200-300/it%20i%20morning.svg,,,,,
254,Intermediate,Time and Days,It is evening.,Phrase,file:///D:/jdk/FYP/Dataset_images/200-300/it%20is%20evenng.svg,,,,,
255,Intermediate,Time and Days,Tomorrow is Monday.,Phrase,file:///D:/jdk/FYP/Dataset_images/200-300/tomorw%20is%20min.svg,,,,,
256,Intermediate,Time and Days,Let's go to bed now.,Phrase,,,,,,
257,Intermediate,Environment and Nature,I see the sun.,Phrase,file:///D:/jdk/FYP/Dataset_images/200-300/i%20c%20sun.svg,,,,,
258,Intermediate,Environment and Nature,It is raining.,Phrase,file:///D:/jdk/FYP/Dataset_images/200-300/it%20is%20raining.svg,,,,,
259,Intermediate,Environment and Nature,Look at the clouds.,Phrase,file:///D:/jdk/FYP/Dataset_images/200-300/look%20@%20clouds.svg,,,,,
260,Intermediate,Environment and Nature,The tree is tall.,Phrase,file:///D:/jdk/FYP/Dataset_images/200-300/tree%20takl.svg,,,,,
261,Intermediate,Environment and Nature,I like the flowers.,Phrase,file:///D:/jdk/FYP/Dataset_images/200-300/i%20like%20phhol.svg,,,,,
262,Proficient,Social Interaction,I want to play with my toys.,Sentence,,,,,,
263,Proficient,Self-Care / Requests,Can you help me put on my jacket?,Sentence,,,,,,
264,Proficient,Self-Care / Needs,I need to use the bathroom now.,Sentence,,,,,,
265,Proficient,Emotions / Self-Regulation,I am feeling tired and need to rest.,Sentence,,,,,,
266,Proficient,Emotions / Sensory,I do not like the noise.,Sentence,,,,,,
267,Proficient,Requests / Daily Tasks,Can you help me with my homework?,Sentence,,,,,,
268,Proficient,Emotions / Daily Activities,I feel happy when I play outside.,Sentence,,,,,,
269,Proficient,Requests / Needs,I want to drink some water.,Sentence,,,,,,
270,Proficient,Daily Routine / Time,It is time for me to go to bed.,Sentence,,,,,,
271,Proficient,Self-Care / Routine,I need to brush my teeth before bed.,Sentence,,,,,,
272,Proficient,Communication / Emotions,I do not understand what you mean.,Sentence,,,,,,
273,Proficient,Leisure / Social,I want to watch my favorite show.,Sentence,,,,,,
274,Proficient,Self-Care / Hygiene,I need to wash my hands before eating.,Sentence,,,,,,
275,Proficient,Social Interaction,Can you give me a hug?,Sentence,,,,,,
276,Proficient,Emotions / Self-Regulation,I am feeling sad today.,Sentence,,,,,,
277,Proficient,Leisure / Social,I want to go to the park now.,Sentence,,,,,,
278,Proficient,Social Interaction,I like playing with my friends.,Sentence,,,,,,
279,Proficient,Self-Care / Requests,I need help tying my shoes.,Sentence,,,,,,
280,Proficient,Daily Tasks / Requests,Can you help me clean up my room?,Sentence,,,,,,
281,Proficient,Sensory / Emotions,I do not like when it is too loud.,Sentence,,,,,,
282,Proficient,Emotions / Self-Regulation,I feel scared when it is dark.,Sentence,,,,,,
283,Proficient,Social Interaction,Can you tell me a story?,Sentence,,,,,,
284,Proficient,Play / Social Interaction,I want to play with my blocks.,Sentence,,,,,,
285,Proficient,Emotions / Self-Regulation,I need some time alone to calm down.,Sentence,,,,,,
286,Proficient,Self-Care / Eating,I like to eat my food with a spoon.,Sentence,,,,,,
287,Proficient,Requests / Needs,Can I have my toy car?,Sentence,,,,,,
288,Proficient,Environment / Needs,"It is raining outside, so we need an umbrella.",Sentence,,,,,,
289,Proficient,Daily Routine / Time,I don is want to go to bed yet.,Sentence,,,,,,
290,Proficient,Self-Care / Routine,I need to put my shoes on before we leave.,Sentence,,,,,,
291,Proficient,Emotions / Self-Regulation,I am feeling frustrated right now.,Sentence,,,,,,
292,Proficient,Leisure / Social,I want to go to the zoo today.,Sentence,,,,,,
293,Proficient,Requests / Needs,Can you turn on the TV for me?,Sentence,,,,,,
294,Proficient,Sensory / Preferences,I do not like the taste of that food.,Sentence,,,,,,
295,Proficient,Leisure / Requests,Can we go to the store tomorrow?,Sentence,,,,,,
296,Proficient,Emotions / Social,I feel excited to see my friend.,Sentence,,,,,,
297,Proficient,Requests / Needs,I need to go home now.,Sentence,,,,,,
298,Proficient,Leisure / Play,I want to play outside with my ball.,Sentence,,,,,,
299,Proficient,Emotions / Social,I feel nervous when I meet new people.,Sentence,,,,,,
300,Proficient,Requests / Help,Can you help me carry my bag?,Sentence,,,,,,
301,Proficient,Play / Social Interaction,I like playing with my stuffed animal.,Sentence,,,,,,
302,Proficient,Daily Routine / Time,It is time for me to eat lunch.,Sentence,,,,,,
303,Proficient,Requests / Learning,Can you show me how to do this?,Sentence,,,,,,
304,Proficient,Self-Regulation / Requests,I need to sit down for a while.,Sentence,,,,,,
305,Proficient,Emotions / Self-Regulation,I want to take a break.,Sentence,,,,,,
306,Proficient,Emotions / Self-Regulation,I am feeling better now.,Sentence,,,,,,
307,Proficient,Requests / Needs,I can not find my favorite book.,Sentence,,,,,,
308,Proficient,Social Interaction,I want to tell you something.,Sentence,,,,,,
309,Proficient,Social Interaction / Leisure,Can we do something fun together?,Sentence,,,,,,
310,Proficient,Social Interaction / Emotions,I feel good when I help others.,Sentence,,,,,,
311,Proficient,Requests / Preferences,I do not want to go to that place.,Sentence,,,,,,
312,Expert,Spending Time with Family,I love spending time with my family. We play together and have fun. We also talk and share stories.,Paragraph,,,,,,
313,Expert,Calming Down When Upset,"When I feel upset, I sit quietly and breathe deeply to feel better. It helps me calm my mind.",Paragraph,,,,,,
314,Expert,Morning Routine,"I wake up, brush my teeth, and eat breakfast every morning. After that, I get dressed and start my day.",Paragraph,,,,,,
315,Expert,Asking for Help,I ask for help when I need it. It is okay to ask. Asking makes things easier for me.,Paragraph,,,,,,
316,Expert,Playing with Friends,"I play games with my friends. We have fun together. Sometimes, we play outside in the yard.",Paragraph,,,,,,
317,Expert,Feeling Excited with Friends,I feel happy when I see my friends. We laugh and play. We always find something fun to do.,Paragraph,,,,,,
318,Expert,Washing Hands After Eating,I wash my hands before eating to stay clean. I also wash them after playing outside.,Paragraph,,,,,,
319,Expert,Taking Breaks,I take breaks when I feel tired. It helps me feel better. I rest for a few minutes to recharge.,Paragraph,,,,,,
320,Expert,Spending Time with Family at Home,My family and I cook dinner together. We talk and enjoy it. We also clean up together after.,Paragraph,,,,,,
321,Expert,Feeling Nervous,"When I feel nervous, I talk to my mom. She helps me feel calm. I take deep breaths too.",Paragraph,,,,,,
322,Expert,Listening Carefully,I listen carefully when people talk to me. It helps me understand. I try not to interrupt when they speak.,Paragraph,,,,,,
323,Expert,Talking About Problems,I talk to someone when I have a problem. It helps me feel better. Talking makes me feel supported.,Paragraph,,,,,,
324,Expert,Handling Sadness,"When I feel sad, I talk to my family. It makes me feel better. They listen and help me feel happy again.",Paragraph,,,,,,
325,Expert,Watching Movies with Family,"We watch movies together as a family. It is  fun and relaxing. After, we talk about our favorite parts.",Paragraph,,,,,,
326,Expert,Being Polite,I say please and thank you. It is polite and kind. I always remember to say sorry when I make a mistake.,Paragraph,,,,,,
327,Expert,Evening Routine,"In the evening, I brush my teeth and put on pajamas. I also pick out a book for bedtime.",Paragraph,,,,,,
328,Expert,Sharing Achievements,I tell my family when I do something good. They cheer for me. I feel proud of myself when they do.,Paragraph,,,,,,
329,Expert,Celebrating with Family,We celebrate together during holidays. We eat and have fun. Sometimes we give each other presents.,Paragraph,,,,,,
330,Expert,Smiling and Saying Hello,I smile and say hello when I meet new people. It helps me make new friends.,Paragraph,,,,,,
331,Expert,Building with Toys,"I build things with my toys. I use my imagination. Sometimes, I make castles or houses.",Paragraph,,,,,,
332,Expert,Going Outside,I go outside to play. I enjoy the fresh air. I like running and jumping around in the yard.,Paragraph,,,,,,
333,Expert,Speaking Clearly,I speak clearly so others can understand me. I try to slow down when I talk.,Paragraph,,,,,,
334,Expert,Making My Bed,I make my bed in the morning. It keeps my room tidy. I feel good when my room is clean.,Paragraph,,,,,,
335,Expert,Spending Time with Friends,"I spend time with my friends after school. We play together. Sometimes, we draw pictures or play games.",Paragraph,,,,,,
336,Expert,Asking for Snacks,I ask for snacks politely. I say please and thank you. I wait patiently for my turn.,Paragraph,,,,,,
